{"type": "block", "layer": 1, "block": 0, "features": [{"geom": {"triangles": {"v": [-116.77869868697599, 46.36154466075823, 0.0, -116.77869868697599, 24.361544660758227, 0.0, -95.02869868697599, 45.36154466075823, 0.0, -95.27869868697599, 23.111544660758227, 0.0], "f": [0, 1, 2, 1, 3, 2]}, "centroids": [[-105.9367025741376, 34.78312858520076, 0.0]]}, "mtl": 0}, {"geom": {"triangles": {"v": [98.97130131302401, 2.111544660758227, 0.0, 97.97130131302401, -28.888455339241773, 0.0, 118.97130131302401, -29.138455339241773, 0.0, 120.22130131302401, 2.111544660758227, 0.0], "f": [0, 1, 2, 0, 2, 3]}, "centroids": [[109.05078991595656, -13.39114923030138, 0.0]]}, "mtl": 0}, {"geom": {"triangles": {"v": [-4.528698686975986, -70.38845533924177, 0.0, -4.778698686975986, -96.13845533924177, 0.0, 31.471301313024014, -71.13845533924177, 0.0, 31.221301313024014, -98.63845533924177, 0.0], "f": [0, 1, 2, 1, 3, 2]}, "centroids": [[13.523741697426885, -84.02765680616722, 0.0]]}, "mtl": 0}], "featureCount": 3, "startIndex": 0}